ID,Requirement Name,Requirement Text,Satisfied By
P.9,P.9 Thermal Precision,The system shall maintain thermal conditions within ±1°C of the specified temperature range for optimal ZBLAN fiber production.,"2.3.1 Monitor Thermal Environment(context Thermistor),2.3.2 Regulate System Temperature(context Thermal Control CSC),1.1.3 Heat Preform(context Preform Heater)"
P.8,P.8 Energy Efficiency,"The system shall operate with an energy efficiency of at least 80%, minimizing power consumption during manufacturing processes.","2.2.3 Distribute Power(context Power Distribution),2.2.2 Condition Power(context Power Conditioner),2.2.1 Generate Solar Power(context Solar Array)"
P.7,P.7 Quality Consistency,"The system shall maintain consistent product quality across production runs, with less than 5% variation in key quality metrics between batches.",1.1.7 Monitor Fiber Quality(context Spectroscopy Sensor)
P.6,P.6 Production Continuity,"The system shall be capable of automatically restarting fiber production within 10 minutes of a production break, maintaining at least 90% of pre-break production quality.","1.1.7 Monitor Fiber Quality(context Spectroscopy Sensor),1.1.8 Correct Defects(context Process Control CSC),2.1.1 Inspect System(context System Controller),2.1.4 Repair System(context System Controller),5.1.1 Initiate System Restarts(context System Controller),5.1.3 Redirect Operations (Reconfiguration after faults)(context System Controller),5.1.2 Activate Backup Systems(context System Controller)"
P.5,P.5 Competitive Pricing,"The system shall produce materials at costs competitive with terrestrial alternatives, accounting for performance benefits of space-manufactured products with a target of $800$ per meter of fiber",1.1.7 Monitor Fiber Quality(context Spectroscopy Sensor)
P.4,P.4 Commercial Viability,"The system shall support the generation of revenue from at least three distinct sources: product sales, technology licensing, and contracted research services, as verified by a business case analysis.","1.1.9 Adjust Production Parameters (Autonomous feedback loop)(context Process Control CSC),7.1.2 Prepare for Hardware Installation(context Separation Subsystem),7.1.3 Install Hardware Modules(context Array Deployment Mechanism)"
P.3,P.3 Manufacturing Yield,The system shall achieve a manufacturing yield of at least 95% usable fiber.,"1.1.9 Adjust Production Parameters (Autonomous feedback loop)(context Process Control CSC),1.1.8 Correct Defects(context Process Control CSC)"
P.2,P.2 Production Rate,The system shall maintain a production rate of at least 500 meters of ZBLAN fiber per day.,"1.1.4 Draw Fiber from Preform(context ZBLAN Fiber Drawing Unit),1.1.9 Adjust Production Parameters (Autonomous feedback loop)(context Process Control CSC)"
P.1,P.1 Fiber Quality,The system shall produce ZBLAN fibers with attenuation rates of 0.05 dB/km or lower at 2.5 μm wavelength.,"1.1.7 Monitor Fiber Quality(context Spectroscopy Sensor),1.1.8 Correct Defects(context Process Control CSC)"
O.23,O.23 Microgravity Disturbance Response,The system shall detect and respond to microgravity disturbances within 1 second to maintain manufacturing process stability.,"1.3.1 Monitor Microgravity Conditions(context Inertial Measurement Unit),1.3.2 Detect Off-Nominal Microgravity Conditions(context GN&C CSC),1.3.3 Adjust Manufacturing Parameters for Off-Nominal Conditions(context Process Control CSC)"
O.22,O.22 Fiber Spool Management,The system shall incorporate automated fiber spooling mechanisms capable of handling continuous fiber lengths of up to 50 km.,1.1.6 Spool Fiber(context Spool Tension Motor)
O.21,O.21 Microgravity Optimization,The system shall maintain a microgravity environment with less than 10^-6 g during ZBLAN fiber production.,"1.3.1 Monitor Microgravity Conditions(context Inertial Measurement Unit),1.3.2 Detect Off-Nominal Microgravity Conditions(context GN&C CSC),1.3.3 Adjust Manufacturing Parameters for Off-Nominal Conditions(context Process Control CSC)"
O.20,O.20 Thermal Management,The system shall maintain thermal conditions within specified limits to ensure optimal operation of all components.,"2.3.1 Monitor Thermal Environment(context Thermistor),2.3.2 Regulate System Temperature(context Thermal Control CSC)"
O.19,O.19 Fault Tolerance,"The system shall include fault-tolerant mechanisms capable of maintaining at least 90% of nominal operational functionality for up to 72 hours following a single-point component failure, as verified through fault injection testing and performance analysis.","2.1.3 Detect Faults(context Defect Detection CSC),5.1.2 Activate Backup Systems(context System Controller),5.1.1 Initiate System Restarts(context System Controller),5.1.3 Redirect Operations (Reconfiguration after faults)(context System Controller)"
O.18,O.18 Crew Safety,The system shall include safety protocols to protect crew members during maintenance and operation in space.,"3.1.1 Monitor Safety Standards (Automated safety checks)(context Fault Management CSC),3.1.2 Report Safety Incidents (Automated logging and reporting)(context Fault Management CSC),3.2.1 Detect Safety Hazards (Autonomous hazard detection)(context Defect Detection CSC),3.2.2 Analyze Safety Data(context Onboard Computer),3.2.3 Implement Safety Measures (Automated actions to mitigate risk)(context System Controller)"
O.17,O.17 Supply Chain Management,"The system shall incorporate supply chain management protocols capable of tracking and verifying the delivery of 95% of raw materials and components within ±5 days of scheduled delivery dates during nominal operations, as verified through system performance simulations and operational data analysis.","4.2.2 Coordinate Resource Transfers (Remote coordination)(context Inventory Management CSC),4.2.1 Schedule Resupply Operations (Automated scheduling)(context Inventory Management CSC)"
O.16,O.16 Launch Operations,"The system shall integrate seamlessly with launch operations, ensuring compatibility with standard launch vehicle interfaces and procedures.","7.1.2 Prepare for Hardware Installation(context Separation Subsystem),7.1.1 Receive and Secure Modules in Orbit(context Separation Subsystem)"
O.15,O.15 Radiation Protection,"The system shall provide sufficient radiation shielding to protect sensitive equipment and materials, ensuring less than 5% degradation in performance over its operational lifetime.","2.4.1 Monitor Radiation Levels(context Defect Detection CSC),2.4.2 Analyze Radiation Exposure Data(context Onboard Computer),2.4.3 Adjust Operations for Radiation Protection(context Process Control CSC)"
O.14,O.14 Process Versatility,The system shall be adaptable to process at least three different types of products beyond ZBLAN within its operational lifetime,"1.1.9 Adjust Production Parameters (Autonomous feedback loop)(context Process Control CSC),7.1.3 Install Hardware Modules(context Array Deployment Mechanism),7.1.1 Receive and Secure Modules in Orbit(context Separation Subsystem)"
O.13,O.13 Automation,"The system shall operate autonomously for at least 95% of its production time, including the ability to automatically restart fiber production after breaks.","1.3.1 Monitor Microgravity Conditions(context Inertial Measurement Unit),1.3.2 Detect Off-Nominal Microgravity Conditions(context GN&C CSC),1.3.3 Adjust Manufacturing Parameters for Off-Nominal Conditions(context Process Control CSC),3.1.1 Monitor Safety Standards (Automated safety checks)(context Fault Management CSC),3.1.2 Report Safety Incidents (Automated logging and reporting)(context Fault Management CSC),3.2.1 Detect Safety Hazards (Autonomous hazard detection)(context Defect Detection CSC),3.2.3 Implement Safety Measures (Automated actions to mitigate risk)(context System Controller),4.1.1 Track Resources (Automated tracking)(context Inventory Management CSC),4.1.2 Request Resupply (Autonomous resupply request)(context Inventory Management CSC),4.2.1 Schedule Resupply Operations (Automated scheduling)(context Inventory Management CSC),4.2.2 Coordinate Resource Transfers (Remote coordination)(context Inventory Management CSC),4.2.3 Prepare Fiber for Transport (Automated handling and packaging)(context Material Handling Robotics),6.1.1 Capture Sensor Data (Automated and continuous)(context Data Harness),6.2.1 Evaluate Performance Metrics (Autonomous analysis)(context Onboard Computer),6.2.3 Generate Optimization Suggestions (Autonomous optimization algorithms)(context Onboard Computer),1.1.9 Adjust Production Parameters (Autonomous feedback loop)(context Process Control CSC)"
O.12,O.12 Production Ramping,The system shall be capable of scaling production capacity from initial demonstration levels to full commercial production levels of up to 50 km of ZBLAN fiber per draw.,"1.1.4 Draw Fiber from Preform(context ZBLAN Fiber Drawing Unit),4.1.5 Transfer Preform to Production(context Material Handling Robotics),1.1.9 Adjust Production Parameters (Autonomous feedback loop)(context Process Control CSC)"
O.11,O.11 Scalable Production,"The system shall include docking interfaces compliant with the International Docking System Standard (IDSS) to support the addition of at least two production modules post-launch, verified through interface conformity analysis and simulated docking operations.","7.1.1 Receive and Secure Modules in Orbit(context Separation Subsystem),7.2.1 Prepare for Software Installation/Update(context Onboard Computer)"
O.10,O.10 Upgradable Technologies,"The system shall include modular hardware and software interfaces that support integration of at least three new manufacturing technologies or processes, as verified by simulated upgrades and functional tests during design validation.","1.3.3 Adjust Manufacturing Parameters for Off-Nominal Conditions(context Process Control CSC),1.1.9 Adjust Production Parameters (Autonomous feedback loop)(context Process Control CSC),4.2.2 Coordinate Resource Transfers (Remote coordination)(context Inventory Management CSC),4.1.3 Receive Resupply(context Material Handling Robotics),7.1.1 Receive and Secure Modules in Orbit(context Separation Subsystem),7.2.1 Prepare for Software Installation/Update(context Onboard Computer)"
O.9,O.9 User-Friendly Interfaces,"The system shall be compatible with NASA's Space Network (SN) ground control equipment, including the Tracking and Data Relay Satellite System (TDRSS), achieving at least 99.5% data transmission success during simulated and operational communication tests under nominal and contingency scenarios.","1.2.4 Generate Production Reports(context Onboard Computer),1.2.5 Transmit Data to Ground Control(context High Rate Antenna),2.1.5 Test System After Repairs(context System Controller)"
O.8,O.8 Standardized Data Formats,"The system shall utilize standardized data formats and protocols for all manufacturing processes, system operations, and ground communications.","3.2.2 Analyze Safety Data(context Onboard Computer),6.1.1 Capture Sensor Data (Automated and continuous)(context Data Harness),6.1.2 Log System Data(context Data Storage)"
O.7,O.7 Data Distribution,"The system shall support secure and efficient distribution of manufacturing data, telemetry, and product information between the orbital platform and ground stations, with data transmission reliability of at least 99.9% and a latency of no more than 500 milliseconds, as verified by communication link performance tests.","1.2.5 Transmit Data to Ground Control(context High Rate Antenna),1.2.4 Generate Production Reports(context Onboard Computer),1.2.2 Analyze Production Efficiency(context Onboard Computer),1.2.1 Collect Real-Time Production Data(context Production Data Logging CSC)"
O.6,O.6 Environmental Survivability,"The system shall withstand the harsh space environment, including radiation, thermal cycling, and micrometeoroid impacts, without critical failure.","2.3.1 Monitor Thermal Environment(context Thermistor),2.3.2 Regulate System Temperature(context Thermal Control CSC),2.4.1 Monitor Radiation Levels(context Defect Detection CSC),2.4.2 Analyze Radiation Exposure Data(context Onboard Computer),3.3.1 Monitor Orbital Environment for Debris(context Horizon Tracker),3.3.2 Implement Collision Avoidance Maneuvers(context GN&C CSC),8.1.1 Monitor Orbital Parameters(context GN&C CSC),8.1.2 Calculate Orbital Adjustments(context GN&C CSC)"
O.5,O.5 Operational Availability,The system shall maintain a minimum of 95% operational availability throughout its design life.,"2.1.1 Inspect System(context System Controller),2.1.3 Detect Faults(context Defect Detection CSC),2.1.2 Calibrate System(context Process Control CSC),2.1.4 Repair System(context System Controller),2.1.5 Test System After Repairs(context System Controller)"
O.4,O.4 Command and Control,"The system shall provide secure and reliable command and control capabilities for all orbital manufacturing operations, with at least 99.9% command success rate and data integrity, as verified by operational and simulated mission scenarios.","1.2.1 Collect Real-Time Production Data(context Production Data Logging CSC),5.2.1 Receive Remote Commands(context Command and Data Handling)"
O.3,O.3 Safe Return,The system shall return manufactured ZBLAN fibers to Earth safely and intact for commercial use.,4.2.3 Prepare Fiber for Transport (Automated handling and packaging)(context Material Handling Robotics)
O.2,O.2 Continuous Operation,The system shall be designed to operate continuously in the space environment for a minimum of 5 years without requiring physical human intervention.,"2.4.1 Monitor Radiation Levels(context Defect Detection CSC),3.3.1 Monitor Orbital Environment for Debris(context Horizon Tracker),2.1.1 Inspect System(context System Controller),2.1.4 Repair System(context System Controller)"
O.1,O.1 High-Quality Production,The system shall produce ZBLAN fibers with less than 1 crystallization defect per kilometer of fiber manufactured in microgravity,"1.1.4 Draw Fiber from Preform(context ZBLAN Fiber Drawing Unit),1.1.5 Cool/ Anneal Fiber(context Fiber Annealer),1.1.7 Monitor Fiber Quality(context Spectroscopy Sensor)"
I.11,I.11 Product Return Interface,The system shall interface with a secure product return capsule capable of safely transporting at least 50 km of produced ZBLAN fiber to Earth.,"1.1.6 Spool Fiber(context Spool Tension Motor),1.1.7 Monitor Fiber Quality(context Spectroscopy Sensor),4.2.2 Coordinate Resource Transfers (Remote coordination)(context Inventory Management CSC),4.2.3 Prepare Fiber for Transport (Automated handling and packaging)(context Material Handling Robotics)"
I.10,I.10 Raw Material Interface,The system shall interface with standardized raw material containers to facilitate easy resupply and material changeout.,"4.1.4 Store Preform at Target Parameters(context Material Storage Unit),4.1.5 Transfer Preform to Production(context Material Handling Robotics),4.1.3 Receive Resupply(context Material Handling Robotics)"
I.9,I.9 Maintenance Interface,"The system shall provide interfaces for maintenance activities, allowing for easy access to critical components.","2.1.1 Inspect System(context System Controller),2.1.2 Calibrate System(context Process Control CSC),2.1.3 Detect Faults(context Defect Detection CSC),2.1.4 Repair System(context System Controller),2.1.5 Test System After Repairs(context System Controller),7.2.3 Install/Activate Software(context System Controller),7.2.4 Verify Software Installation(context Onboard Computer)"
I.8,I.8 Data Interface,The system shall interface with external data systems to allow for the exchange of operational data and analytics.,"1.2.5 Transmit Data to Ground Control(context High Rate Antenna),6.1.3 Store Performance Data(context Data Storage),7.2.2 Upload Software(context Communication CSC)"
I.7,I.7 Human Interface,The system shall provide intuitive interfaces that allow trained personnel to perform necessary operations with less than 1 hour of specific task training.,"5.2.1 Receive Remote Commands(context Command and Data Handling),5.1.3 Redirect Operations (Reconfiguration after faults)(context System Controller),5.1.2 Activate Backup Systems(context System Controller),5.1.1 Initiate System Restarts(context System Controller)"
I.6,I.6 Existing Infrastructure,"The system shall interface with existing space infrastructure for power, data, and other resources.","4.1.3 Receive Resupply(context Material Handling Robotics),4.2.3 Prepare Fiber for Transport (Automated handling and packaging)(context Material Handling Robotics),7.1.1 Receive and Secure Modules in Orbit(context Separation Subsystem)"
I.5,I.5 Launch Vehicle Compatibility,"The system shall be compatible with the SpaceX Falcon 9 and United Launch Alliance Atlas V launch vehicles, as verified through review of the corresponding Interface Control Documents (ICDs) for each vehicle.",7.1.1 Receive and Secure Modules in Orbit(context Separation Subsystem)
I.4,I.4 Resupply and Retrieval,The system shall accommodate resupply of raw materials and retrieval of finished products via standard cargo spacecraft.,"4.1.3 Receive Resupply(context Material Handling Robotics),4.2.2 Coordinate Resource Transfers (Remote coordination)(context Inventory Management CSC),4.2.3 Prepare Fiber for Transport (Automated handling and packaging)(context Material Handling Robotics),7.1.1 Receive and Secure Modules in Orbit(context Separation Subsystem)"
I.3,I.3 Infrastructure Interface,"The system shall interface with the host space station or platform for power, thermal management, and structural support during test flights or as needed for repair and operational support on orbit","2.2.3 Distribute Power(context Power Distribution),2.3.1 Monitor Thermal Environment(context Thermistor),2.3.2 Regulate System Temperature(context Thermal Control CSC)"
I.2,I.2 Telemetry Transmission,The system shall transmit manufacturing telemetry and product quality data to Earth in real-time.,"8.2.2 Adjust Attitude(context Propulsion CSC),8.1.3 Monitor Attitude(context GN&C CSC),8.2.1 Execute Orbital Maneuvers(context Thruster),1.2.1 Collect Real-Time Production Data(context Production Data Logging CSC),1.2.5 Transmit Data to Ground Control(context High Rate Antenna),7.1.4 Verify Hardware Installation(context Onboard Computer)"
I.1,I.1 Command Reception,The system shall receive commands and software updates from ground control stations.,"5.2.1 Receive Remote Commands(context Command and Data Handling),5.2.2 Execute Remote Overrides(context Command and Data Handling),7.2.1 Prepare for Software Installation/Update(context Onboard Computer),8.2.1 Execute Orbital Maneuvers(context Thruster)"
F.19,F.19 Real-Time Data Transmission,The system shall transmit quality control data to Earth in real-time with a latency of no more than 1 second.,"1.2.5 Transmit Data to Ground Control(context High Rate Antenna),1.2.4 Generate Production Reports(context Onboard Computer)"
F.18,F.18 Quality Control Redundancy,The system shall incorporate redundant quality control sensors with automatic failover capabilities to ensure continuous monitoring in case of sensor failure.,"5.1.2 Activate Backup Systems(context System Controller),1.2.3 Detect Production Anomalies(context Process Monitoring Camera)"
F.17,F.17 In-situ Annealing,The system shall incorporate in-situ annealing capabilities to reduce internal stresses in the produced ZBLAN fibers.,1.1.5 Cool/ Anneal Fiber(context Fiber Annealer)
F.16,F.16 Fiber Diameter Control,The system shall control the diameter of the produced ZBLAN fiber within ±1% of the target diameter throughout the drawing process.,1.1.7 Monitor Fiber Quality(context Spectroscopy Sensor)
F.15,F.15 Preform Alignment,"The system shall maintain precise alignment of the ZBLAN preform during the fiber drawing process, with a tolerance of ±0.1 mm.",4.1.5 Transfer Preform to Production(context Material Handling Robotics)
F.14,F.14 Remote Monitoring,"The system shall provide remote monitoring capabilities with a data refresh rate of no more than 1 second, allowing ground-based operators to oversee system operations in real-time, with at least 99% uptime",1.2.3 Detect Production Anomalies(context Process Monitoring Camera)
F.13,F.13 Automated Inspection,The system shall perform automated inspections of manufactured products to ensure compliance with quality standards.,"1.3.3 Adjust Manufacturing Parameters for Off-Nominal Conditions(context Process Control CSC),1.2.1 Collect Real-Time Production Data(context Production Data Logging CSC)"
F.12,F.12 Process Optimization,The system shall implement process optimization algorithms that improve manufacturing efficiency by at least 15% and reduce product defects to less than 2% of total production,"6.2.1 Evaluate Performance Metrics (Autonomous analysis)(context Onboard Computer),6.2.2 Identify Performance Bottlenecks(context Onboard Computer),6.2.3 Generate Optimization Suggestions (Autonomous optimization algorithms)(context Onboard Computer)"
F.11,F.11 Emergency Procedures,The system shall have automated emergency shutdown and safing procedures that can be initiated within 60 seconds of detecting a critical anomaly.,"3.2.2 Analyze Safety Data(context Onboard Computer),5.1.3 Redirect Operations (Reconfiguration after faults)(context System Controller),5.2.2 Execute Remote Overrides(context Command and Data Handling)"
F.10,F.10 Data Security,"The system shall implement encryption and secure data transmission protocols for all data exchanges between the orbital platform and ground stations, meeting or exceeding current industry standards for data security.","1.2.5 Transmit Data to Ground Control(context High Rate Antenna),6.1.2 Log System Data(context Data Storage)"
F.9,F.9 Maintenance and Serviceability,"The system shall be designed to allow for component replacement or servicing in orbit, with at least 80% of critical components being replaceable without requiring a return to Earth.","5.2.1 Receive Remote Commands(context Command and Data Handling),5.2.2 Execute Remote Overrides(context Command and Data Handling)"
F.8,F.8 Waste Management,"The system shall incorporate waste management capabilities, including the ability to recycle at least 50% of waste materials generated during the manufacturing process.","1.1.9 Adjust Production Parameters (Autonomous feedback loop)(context Process Control CSC),1.2.1 Collect Real-Time Production Data(context Production Data Logging CSC)"
F.7,F.7 Timeliness,The system shall ensure timely execution of manufacturing processes and respond promptly to operational commands and events.,"4.1.5 Transfer Preform to Production(context Material Handling Robotics),1.2.1 Collect Real-Time Production Data(context Production Data Logging CSC),1.3.3 Adjust Manufacturing Parameters for Off-Nominal Conditions(context Process Control CSC)"
F.6,F.6 Risk Management,"The system shall implement risk management strategies that reduce identified operational hazards by at least 90%, ensuring mission success, as verified through a risk assessment showing a reduction in risk exposure by 90% or more and achieving a residual risk level of less than 5% of the total risk exposure.","2.1.1 Inspect System(context System Controller),2.1.3 Detect Faults(context Defect Detection CSC),2.1.4 Repair System(context System Controller)"
F.5,F.5 Scientific Experimentation,The system shall enable scientific experiments in microgravity alongside manufacturing operations.,1.1.9 Adjust Production Parameters (Autonomous feedback loop)(context Process Control CSC)
F.4,F.4 Packaging and Storage,The system shall package and store completed ZBLAN fibers for return to Earth.,"4.2.3 Prepare Fiber for Transport (Automated handling and packaging)(context Material Handling Robotics),4.1.4 Store Preform at Target Parameters(context Material Storage Unit)"
F.3,F.3 Real-Time Monitoring,"The system shall monitor and adjust manufacturing parameters in real-time with a response time of less than 500 ms to maintain product quality, as verified through operational testing and quality control data.",1.2.1 Collect Real-Time Production Data(context Production Data Logging CSC)
F.2,F.2 Fiber Drawing,The system shall draw ZBLAN fibers from the heated preform at a consistent rate.,1.1.4 Draw Fiber from Preform(context ZBLAN Fiber Drawing Unit)
F.1,F.1 Secondary Missions,The system shall support secondary missions without compromising primary ZBLAN fiber production objectives.,1.1.9 Adjust Production Parameters (Autonomous feedback loop)(context Process Control CSC)
C.11,C.11 Technology Readiness,All components of the system shall be at Technology Readiness Level (TRL) 6 or higher before integration into the final system.,6.2.3 Generate Optimization Suggestions (Autonomous optimization algorithms)(context Onboard Computer)
C.10,C.10 Economic Viability,The system shall demonstrate a positive return on investment within 5 years of full operational capability.,"1.2.2 Analyze Production Efficiency(context Onboard Computer),1.2.3 Detect Production Anomalies(context Process Monitoring Camera),1.2.4 Generate Production Reports(context Onboard Computer)"
C.9,C.9 End-of-Life Management,The system shall have a defined end-of-life plan that includes safe deorbiting or repurposing of at least 90% of its components.,3.3.3 Execute End-of-Life Deorbiting Procedures(context GN&C CSC)
C.8,C.8 Regulatory Compliance,The system shall adhere to international space treaties and regulations governing manufacturing in orbit.,3.1.3 Implement Policy Changes(context System Controller)
C.7,C.7 Payload Interference,"The system shall not interfere with other payloads or operations on the host platform, if the system is being hosted.","6.1.1 Capture Sensor Data (Automated and continuous)(context Data Harness),7.1.1 Receive and Secure Modules in Orbit(context Separation Subsystem)"
C.6,C.6 Environmental Impact,"The system shall comply with ISO 24113:2019 Space Debris Mitigation Requirements by preventing the generation of debris larger than 1 mm during its operational lifetime and ensuring end-of-life disposal via controlled re-entry within 25 years or transfer to a disposal orbit with a minimum perigee altitude of 2,000 km, as verified through orbital decay analysis.","3.3.1 Monitor Orbital Environment for Debris(context Horizon Tracker),3.3.3 Execute End-of-Life Deorbiting Procedures(context GN&C CSC),8.2.1 Execute Orbital Maneuvers(context Thruster)"
C.5,C.5 Approved Materials,The system shall use only materials and processes approved for use in the space environment.,4.1.4 Store Preform at Target Parameters(context Material Storage Unit)
C.4,C.4 National Goals,"The system shall demonstrate compatibility with at least 90% of technical standards and objectives outlined in the latest published guidance from relevant government agencies (e.g., NASA's Exploration Goals), verified through compliance assessments and interface certifications.",1.2.2 Analyze Production Efficiency(context Onboard Computer)
C.3,C.3 Power Budget,The system shall operate within the power budget allocated by the host space platform if it is being hosted,"1.2.2 Analyze Production Efficiency(context Onboard Computer),1.3.3 Adjust Manufacturing Parameters for Off-Nominal Conditions(context Process Control CSC),2.2.1 Generate Solar Power(context Solar Array),2.2.2 Condition Power(context Power Conditioner),2.2.3 Distribute Power(context Power Distribution),3.3.3 Execute End-of-Life Deorbiting Procedures(context GN&C CSC)"
C.2,C.2 Debris Mitigation,The system shall adhere to international space debris mitigation guidelines.,"3.3.1 Monitor Orbital Environment for Debris(context Horizon Tracker),3.3.2 Implement Collision Avoidance Maneuvers(context GN&C CSC),3.3.3 Execute End-of-Life Deorbiting Procedures(context GN&C CSC)"
C.1,C.1 Safety Compliance,The system shall comply with all relevant NASA safety standards for operation on crewed space platforms.,"3.1.1 Monitor Safety Standards (Automated safety checks)(context Fault Management CSC),3.1.2 Report Safety Incidents (Automated logging and reporting)(context Fault Management CSC),3.1.3 Implement Policy Changes(context System Controller),3.2.1 Detect Safety Hazards (Autonomous hazard detection)(context Defect Detection CSC),3.2.2 Analyze Safety Data(context Onboard Computer),3.2.3 Implement Safety Measures (Automated actions to mitigate risk)(context System Controller)"
