ID,Requirement Name,Requirement Text
P.9,P.9 Thermal Precision,The system shall maintain thermal conditions within ±1°C of the specified temperature range for optimal ZBLAN fiber production.
P.8,P.8 Energy Efficiency,"The system shall operate with an energy efficiency of at least 80%, minimizing power consumption during manufacturing processes."
P.7,P.7 Quality Consistency,"The system shall maintain consistent product quality across production runs, with less than 5% variation in key quality metrics between batches."
P.6,P.6 Production Continuity,"The system shall be capable of automatically restarting fiber production within 10 minutes of a production break, maintaining at least 90% of pre-break production quality."
P.5,P.5 Competitive Pricing,"The system shall produce materials at costs competitive with terrestrial alternatives, accounting for performance benefits of space-manufactured products with a target of $800$ per meter of fiber"
P.4,P.4 Commercial Viability,"The system shall support the generation of revenue from at least three distinct sources: product sales, technology licensing, and contracted research services, as verified by a business case analysis."
P.3,P.3 Manufacturing Yield,The system shall achieve a manufacturing yield of at least 95% usable fiber.
P.2,P.2 Production Rate,The system shall maintain a production rate of at least 500 meters of ZBLAN fiber per day.
P.1,P.1 Fiber Quality,The system shall produce ZBLAN fibers with attenuation rates of 0.05 dB/km or lower at 2.5 ?m wavelength.
O.23,O.23 Microgravity Disturbance Response,The system shall detect and respond to microgravity disturbances within 1 second to maintain manufacturing process stability.
O.22,O.22 Fiber Spool Management,The system shall incorporate automated fiber spooling mechanisms capable of handling continuous fiber lengths of up to 50 km.
O.21,O.21 Microgravity Optimization,The system shall maintain a microgravity environment with less than 10^-6 g during ZBLAN fiber production.
O.20,O.20 Thermal Management,The system shall maintain thermal conditions within specified limits to ensure optimal operation of all components.
O.19,O.19 Fault Tolerance,"The system shall include fault-tolerant mechanisms capable of maintaining at least 90% of nominal operational functionality for up to 72 hours following a single-point component failure, as verified through fault injection testing and performance analysis."
O.18,O.18 Crew Safety,The system shall include safety protocols to protect crew members during maintenance and operation in space.
O.17,O.17 Supply Chain Management,"The system shall incorporate supply chain management protocols capable of tracking and verifying the delivery of 95% of raw materials and components within ±5 days of scheduled delivery dates during nominal operations, as verified through system performance simulations and operational data analysis."
O.16,O.16 Launch Operations,"The system shall integrate seamlessly with launch operations, ensuring compatibility with standard launch vehicle interfaces and procedures."
O.15,O.15 Radiation Protection,"The system shall provide sufficient radiation shielding to protect sensitive equipment and materials, ensuring less than 5% degradation in performance over its operational lifetime."
O.14,O.14 Process Versatility,The system shall be adaptable to process at least three different types of products beyond ZBLAN within its operational lifetime
O.13,O.13 Automation,"The system shall operate autonomously for at least 95% of its production time, including the ability to automatically restart fiber production after breaks."
O.12,O.12 Production Ramping,The system shall be capable of scaling production capacity from initial demonstration levels to full commercial production levels of up to 50 km of ZBLAN fiber per draw.
O.11,O.11 Scalable Production,"The system shall include docking interfaces compliant with the International Docking System Standard (IDSS) to support the addition of at least two production modules post-launch, verified through interface conformity analysis and simulated docking operations."
O.10,O.10 Upgradable Technologies,"The system shall include modular hardware and software interfaces that support integration of at least three new manufacturing technologies or processes, as verified by simulated upgrades and functional tests during design validation."
O.9,O.9 User-Friendly Interfaces,"The system shall be compatible with NASA's Space Network (SN) ground control equipment, including the Tracking and Data Relay Satellite System (TDRSS), achieving at least 99.5% data transmission success during simulated and operational communication tests under nominal and contingency scenarios."
O.8,O.8 Standardized Data Formats,"The system shall utilize standardized data formats and protocols for all manufacturing processes, system operations, and ground communications."
O.7,O.7 Data Distribution,"The system shall support secure and efficient distribution of manufacturing data, telemetry, and product information between the orbital platform and ground stations, with data transmission reliability of at least 99.9% and a latency of no more than 500 milliseconds, as verified by communication link performance tests."
O.6,O.6 Environmental Survivability,"The system shall withstand the harsh space environment, including radiation, thermal cycling, and micrometeoroid impacts, without critical failure."
O.5,O.5 Operational Availability,The system shall maintain a minimum of 95% operational availability throughout its design life.
O.4,O.4 Command and Control,"The system shall provide secure and reliable command and control capabilities for all orbital manufacturing operations, with at least 99.9% command success rate and data integrity, as verified by operational and simulated mission scenarios."
O.3,O.3 Safe Return,The system shall return manufactured ZBLAN fibers to Earth safely and intact for commercial use.
O.2,O.2 Continuous Operation,The system shall be designed to operate continuously in the space environment for a minimum of 5 years without requiring physical human intervention.
O.1,O.1 High-Quality Production,The system shall produce ZBLAN fibers with less than 1 crystallization defect per kilometer of fiber manufactured in microgravity
I.11,I.11 Product Return Interface,The system shall interface with a secure product return capsule capable of safely transporting at least 50 km of produced ZBLAN fiber to Earth.
I.10,I.10 Raw Material Interface,The system shall interface with standardized raw material containers to facilitate easy resupply and material changeout.
I.9,I.9 Maintenance Interface,"The system shall provide interfaces for maintenance activities, allowing for easy access to critical components."
I.8,I.8 Data Interface,The system shall interface with external data systems to allow for the exchange of operational data and analytics.
I.7,I.7 Human Interface,The system shall provide intuitive interfaces that allow trained personnel to perform necessary operations with less than 1 hour of specific task training.
I.6,I.6 Existing Infrastructure,"The system shall interface with existing space infrastructure for power, data, and other resources."
I.5,I.5 Launch Vehicle Compatibility,"The system shall be compatible with the SpaceX Falcon 9 and United Launch Alliance Atlas V launch vehicles, as verified through review of the corresponding Interface Control Documents (ICDs) for each vehicle."
I.4,I.4 Resupply and Retrieval,The system shall accommodate resupply of raw materials and retrieval of finished products via standard cargo spacecraft.
I.3,I.3 Infrastructure Interface,"The system shall interface with the host space station or platform for power, thermal management, and structural support during test flights or as needed for repair and operational support on orbit"
I.2,I.2 Telemetry Transmission,The system shall transmit manufacturing telemetry and product quality data to Earth in real-time.
I.1,I.1 Command Reception,The system shall receive commands and software updates from ground control stations.
F.19,F.19 Real-Time Data Transmission,The system shall transmit quality control data to Earth in real-time with a latency of no more than 1 second.
F.18,F.18 Quality Control Redundancy,The system shall incorporate redundant quality control sensors with automatic failover capabilities to ensure continuous monitoring in case of sensor failure.
F.17,F.17 In-situ Annealing,The system shall incorporate in-situ annealing capabilities to reduce internal stresses in the produced ZBLAN fibers.
F.16,F.16 Fiber Diameter Control,The system shall control the diameter of the produced ZBLAN fiber within ±1% of the target diameter throughout the drawing process.
F.15,F.15 Preform Alignment,"The system shall maintain precise alignment of the ZBLAN preform during the fiber drawing process, with a tolerance of ±0.1 mm."
F.14,F.14 Remote Monitoring,"The system shall provide remote monitoring capabilities with a data refresh rate of no more than 1 second, allowing ground-based operators to oversee system operations in real-time, with at least 99% uptime"
F.13,F.13 Automated Inspection,The system shall perform automated inspections of manufactured products to ensure compliance with quality standards.
F.12,F.12 Process Optimization,The system shall implement process optimization algorithms that improve manufacturing efficiency by at least 15% and reduce product defects to less than 2% of total production
F.11,F.11 Emergency Procedures,The system shall have automated emergency shutdown and safing procedures that can be initiated within 60 seconds of detecting a critical anomaly.
F.10,F.10 Data Security,"The system shall implement encryption and secure data transmission protocols for all data exchanges between the orbital platform and ground stations, meeting or exceeding current industry standards for data security."
F.9,F.9 Maintenance and Serviceability,"The system shall be designed to allow for component replacement or servicing in orbit, with at least 80% of critical components being replaceable without requiring a return to Earth."
F.8,F.8 Waste Management,"The system shall incorporate waste management capabilities, including the ability to recycle at least 50% of waste materials generated during the manufacturing process."
F.7,F.7 Timeliness,The system shall ensure timely execution of manufacturing processes and respond promptly to operational commands and events.
F.6,F.6 Risk Management,"The system shall implement risk management strategies that reduce identified operational hazards by at least 90%, ensuring mission success, as verified through a risk assessment showing a reduction in risk exposure by 90% or more and achieving a residual risk level of less than 5% of the total risk exposure."
F.5,F.5 Scientific Experimentation,The system shall enable scientific experiments in microgravity alongside manufacturing operations.
F.4,F.4 Packaging and Storage,The system shall package and store completed ZBLAN fibers for return to Earth.
F.3,F.3 Real-Time Monitoring,"The system shall monitor and adjust manufacturing parameters in real-time with a response time of less than 500 ms to maintain product quality, as verified through operational testing and quality control data."
F.2,F.2 Fiber Drawing,The system shall draw ZBLAN fibers from the heated preform at a consistent rate.
F.1,F.1 Secondary Missions,The system shall support secondary missions without compromising primary ZBLAN fiber production objectives.
C.11,C.11 Technology Readiness,All components of the system shall be at Technology Readiness Level (TRL) 6 or higher before integration into the final system.
C.10,C.10 Economic Viability,The system shall demonstrate a positive return on investment within 5 years of full operational capability.
C.9,C.9 End-of-Life Management,The system shall have a defined end-of-life plan that includes safe deorbiting or repurposing of at least 90% of its components.
C.8,C.8 Regulatory Compliance,The system shall adhere to international space treaties and regulations governing manufacturing in orbit.
C.7,C.7 Payload Interference,"The system shall not interfere with other payloads or operations on the host platform, if the system is being hosted."
C.6,C.6 Environmental Impact,"The system shall comply with ISO 24113:2019 Space Debris Mitigation Requirements by preventing the generation of debris larger than 1 mm during its operational lifetime and ensuring end-of-life disposal via controlled re-entry within 25 years or transfer to a disposal orbit with a minimum perigee altitude of 2,000 km, as verified through orbital decay analysis."
C.5,C.5 Approved Materials,The system shall use only materials and processes approved for use in the space environment.
C.4,C.4 National Goals,"The system shall demonstrate compatibility with at least 90% of technical standards and objectives outlined in the latest published guidance from relevant government agencies (e.g., NASA's Exploration Goals), verified through compliance assessments and interface certifications."
C.3,C.3 Power Budget,The system shall operate within the power budget allocated by the host space platform if it is being hosted
C.2,C.2 Debris Mitigation,The system shall adhere to international space debris mitigation guidelines.
C.1,C.1 Safety Compliance,The system shall comply with all relevant NASA safety standards for operation on crewed space platforms.
X.1,Ambiguous Terms,The system shall provide appropriate response times for user interactions.
X.2,No Verifiability,The system shall be user-friendly and provide a good experience.
X.3,Implementation Detail,The system shall store data using PostgreSQL database with Redis caching.
X.4,Compound Requirement,The system shall authenticate users and log all activities and send notifications and generate reports.
X.5,Missing Modal Verb,The interface display the current status to operators.
X.6,Passive Voice,User credentials are validated by the authentication module when login attempts are made.
X.7,Too Short,Fast startup.
X.8,Too Long,"The system shall provide a comprehensive user interface that allows operators to monitor all subsystem statuses including but not limited to power management, thermal control, communication links, navigation systems, and payload operations while also enabling configuration of system parameters, viewing of historical data trends, managing user accounts and permissions, generating custom reports, and performing diagnostic procedures."
X.9,Multiple Ambiguity,The system shall efficiently process data as needed and provide sufficient bandwidth where applicable.
X.10,No Subject/Object,Shall respond within reasonable timeframe.
X.11,Implementation + Ambiguous,Navigation shall be implemented using GPS with appropriate accuracy for the mission.
X.12,Brand Name Implementation,The communication system shall utilize Iridium satellite constellation for global coverage.
X.13,Vague Measurement,The sensor shall have good accuracy and reasonable precision.
X.14,No Units Comparison,The motor shall operate faster than the previous version.
X.15,Empty Requirement,
X.16,Passive + Compound,Data is processed by the central unit and results are transmitted to ground stations and alerts are generated when anomalies are detected.
X.17,Solution Language,Temperature control shall be achieved through the use of thermoelectric coolers and heat exchangers.
X.18,Multiple Modal Issues,The system might process data and could generate reports or may send alerts.
X.19,Ambiguous + No Verifiability,The interface shall provide clean display with nice graphics and simple navigation.
X.20,All Issues Combined,Data might be stored using MongoDB and transmitted efficiently via REST API with good performance and appropriate security as needed.
X.21,Scientific Notation (Good),The system shall maintain microgravity environment with less than 10^-6 g during operations.
X.22,Proper Units (Good),The motor shall provide torque of 50 Nm ±2% at operating temperature range -40°C to 85°C.
X.23,Standards Compliance (Good),The software shall comply with DO-178B Level A certification requirements.
X.24,Boolean Verifiable (Good),The emergency shutdown system shall be enabled during all powered operations.
X.25,Implementation with Units,The gyroscope shall use MEMS technology and provide accuracy of ±0.1°/hr.
